{"cameraMode":{"drawMode":0,"name":"Shaded","section":"Shading Mode"},"sceneLighting":false,"audioPlay":false,"sceneViewState":{"m_AlwaysRefresh":false,"showFog":true,"showSkybox":false,"showFlares":true,"showImageEffects":true,"showParticleSystems":true,"showVisualEffectGraphs":true,"m_FxEnabled":true},"in2DMode":false,"pivot":{"x":0.04858103394508362,"y":0.01830267906188965,"z":0.1566031575202942},"rotation":{"x":0.1200607642531395,"y":0.46254464983940127,"z":-0.06283390522003174,"w":0.8763848543167114},"size":1.4692409038543702,"orthographic":false}