{"cameraMode":{"drawMode":0,"name":"Shaded","section":"Shading Mode"},"sceneLighting":false,"audioPlay":false,"sceneViewState":{"m_AlwaysRefresh":false,"showFog":true,"showSkybox":false,"showFlares":true,"showImageEffects":true,"showParticleSystems":true,"showVisualEffectGraphs":true,"m_FxEnabled":true},"in2DMode":false,"pivot":{"x":-42.400001525878909,"y":1.5799999237060547,"z":41.900001525878909},"rotation":{"x":-0.019570138305425645,"y":-0.9782131910324097,"z":0.1090298667550087,"w":-0.17558275163173676},"size":0.756344199180603,"orthographic":true}