{"cameraMode":{"drawMode":0,"name":"Shaded","section":"Shading Mode"},"sceneLighting":false,"audioPlay":false,"sceneViewState":{"m_AlwaysRefresh":false,"showFog":true,"showSkybox":false,"showFlares":true,"showImageEffects":true,"showParticleSystems":true,"showVisualEffectGraphs":true,"m_FxEnabled":true},"in2DMode":false,"pivot":{"x":1290.31005859375,"y":-120.19538879394531,"z":-11.0477294921875},"rotation":{"x":0.02998693846166134,"y":-0.02398703247308731,"z":0.0007200826075859368,"w":0.9992645978927612},"size":324.25738525390627,"orthographic":true}